<?xml version="1.0" encoding="UTF-8"?>
<!DOCTYPE module SYSTEM "module.dtd" >
<module>
  <name>cimb-poc-main</name>
  <displayName>${project.name}</displayName>
  <description>${project.description}</description>
  <class>info.magnolia.poc.Main</class>
  <versionHandler>info.magnolia.poc.setup.MainVersionHandler</versionHandler>
  <version>${project.version}</version>

  <!-- For more information on module descriptor configuration options -->
  <!-- https://documentation.magnolia-cms.com/display/DOCS/XML-based+module+descriptor -->

  <dependencies>
    <dependency>
      <name>core</name>
      <version>*</version>
    </dependency>
    <!--  Add other dependencies here, e.g the mte (magnolia templating essentials).
    <dependency>
      <name>mte</name>
      <version>0.7/*</version>
    </dependency>
    -->
  </dependencies>
  <repositories>
	  <repository>
	    <name>magnolia</name>
	    <workspaces>
	      <workspace>cimb</workspace>
	    </workspaces>
	    <nodeTypeFile>/mgnl-nodetypes/magnolia-nodetypes.xml</nodeTypeFile>
	  </repository>
   </repositories>
</module>
