<nodeTypes
    xmlns:rep="internal"
    xmlns:nt="http://www.jcp.org/jcr/nt/1.0"
    xmlns:mix="http://www.jcp.org/jcr/mix/1.0"
    xmlns:mgnl="http://www.magnolia.info/jcr/mgnl"
    xmlns:jcr="http://www.jcp.org/jcr/1.0">
  <!-- custom node types -->
  <nodeType name="product" isMixin="false" hasOrderableChildNodes="true" primaryItemName="">
    <supertypes>
      <supertype>mgnl:content</supertype>
    </supertypes>
  </nodeType>
  <nodeType name="section" isMixin="false" hasOrderableChildNodes="true" primaryItemName="">
    <supertypes>
      <supertype>mgnl:content</supertype>
    </supertypes>
  </nodeType>
</nodeTypes>